Test_Index,URL,Actual_Label,Predicted_Label
6,www.artgraf.by/media/system/css/,Phishing (1),Legitimate (0)
18,zcool-asia.com/ali/,Phishing (1),Legitimate (0)
19,www.habboting.rel7.com/,Phishing (1),Legitimate (0)
58,ughimsinna.ru/gate.php,Phishing (1),Legitimate (0)
63,www.glorbterades.in.net/mond/Panel/,Phishing (1),Legitimate (0)
67,churrascodorei.com.br/imagens/cobertura/yvenilper.zip,Phishing (1),Legitimate (0)
71,dropboxkewfile.com/bDBsIZn2/default.php?valid,Phishing (1),Legitimate (0)
72,barthelsonforlag.se/nure/cben.cis/mces.php,Phishing (1),Legitimate (0)
89,oclddcafaecdlbaf.com /,Phishing (1),Legitimate (0)
100,akvadrive.by/language/gold/Arch/Arch/Archive/index.php,Phishing (1),Legitimate (0)
105,simplbridalweddingmakeup.co.uk/auuw2x8f,Phishing (1),Legitimate (0)
113,birthdaymarch.servemp3.com/,Phishing (1),Legitimate (0)
117,kit0001.xyz/diamond/,Phishing (1),Legitimate (0)
122,office3.mixmedia.com/remax/index.htm,Phishing (1),Legitimate (0)
139,kogieagleeyes.com/signin/vodafone_online-update.html,Phishing (1),Legitimate (0)
145,paigemduke.com/wp-admin/Valid/,Phishing (1),Legitimate (0)
149,cheapcolumbusproperties.com/gdocmolee,Phishing (1),Legitimate (0)
160,sindconpara.com.br/bank/index.php.php,Phishing (1),Legitimate (0)
164,pensionerfe.top/data/feeder,Phishing (1),Legitimate (0)
172,www.agronegociosdobrasil.com.br/Login.php,Phishing (1),Legitimate (0)
177,altone.ml/UFwJAR4AX1cVGFMZBUkECBYKWFBLCQ4ZBwVcSlNTDxtUU0xUAQwZVVZWAwxTU1pSAklSGAcJWGE9PgcMSgQ,Phishing (1),Legitimate (0)
185,deminico.com/87t34f,Phishing (1),Legitimate (0)
186,dmitro.net.ua/paypal.com/webscr/secure/,Phishing (1),Legitimate (0)
199,www.usenix.org/publications/library/proceedings/usenix98/full_papers/hjalmtysson/hjalmtysson.pdf,Legitimate (0),Phishing (1)
222,shinlawoffice.com/online/order.php?fid=4,Phishing (1),Legitimate (0)
223,www.dutchyoutubegathering.nl/tmp/PayPal-De/,Phishing (1),Legitimate (0)
228,zerodha.com/z-connect/tradezerodha/mutual-funds/start-investing-in-mutual-funds-zerodha,Phishing (1),Legitimate (0)
233,grammysgreatcookies.com/~dimirak/root/wbsccr.php,Phishing (1),Legitimate (0)
241,capsoftnm.com/login/571c1c7ebaca7b8c2163cffed9c1c857/,Phishing (1),Legitimate (0)
242,http://jbquimica.com/a-empresa/qualidade/128-certificado-sos-cotec?tmpl=component&print=1&page=,Phishing (1),Legitimate (0)
244,ddexclusivedoc.cf/doc2016/,Phishing (1),Legitimate (0)
245,younglifesk.com/dpbx,Phishing (1),Legitimate (0)
268,'blog.lojasplanaltina.com/Remax/Secure Login.html',Phishing (1),Legitimate (0)
272,beach-junkie.com/famer/files/,Phishing (1),Legitimate (0)
286,www.580clean.com/images,Phishing (1),Legitimate (0)
290,greenlightautoleasing.com/t67bg,Phishing (1),Legitimate (0)
295,'www.radiowavesinc.com/cgi-bin/index.cgi/Technical\%20Stuff/RW\%20ToolBox\%20Software\%20Series',Phishing (1),Legitimate (0)
300,siegethebeatbully.com/js/.paypal----------confirmation/,Phishing (1),Legitimate (0)
305,ibs.co.id/Shell%20ZIP/googledocs/,Phishing (1),Legitimate (0)
327,link2register.com/secure/04feb3017d888255c0e2ba71072936bd/login.php,Phishing (1),Legitimate (0)
346,sigarabirakmak.in/wells/boa1/,Phishing (1),Legitimate (0)
347,sell.ebay.co.uk.betroop.com/sell,Phishing (1),Legitimate (0)
356,bilbaopisos.es/BANK.STORAGE-DATA/secure_payment_document.html,Phishing (1),Legitimate (0)
359,datix.com.au/img/olaturntotwo/dropbox/,Phishing (1),Legitimate (0)
361,jeunessesmusicales.com/en/main_nav/artists/tomislav-lavoie/,Legitimate (0),Phishing (1)
387,anaisdeandres.com/wp-includes/update/Update%20Your%20Email%20Account.htm,Phishing (1),Legitimate (0)
393,sport-komplett.de/sport-komplett/sportarten/e/eishockey/hst/5.html,Legitimate (0),Phishing (1)
402,konobeevo.ru/highslide/examples/dropbox/dropbox/,Phishing (1),Legitimate (0)
407,scpremiumbikes.com/53mkzxat,Phishing (1),Legitimate (0)
408,www.ondemandwebsite.com/admin/Uk,Phishing (1),Legitimate (0)
417,paypal.com.verify.trainer.ps/en/paypal-limit-i/,Phishing (1),Legitimate (0)
432,gazillionmovies.com/Movies/Review/DVD/Posters/Tickets/S/SantaFeTrail.htm,Legitimate (0),Phishing (1)
479,gomelnaushnik.com/8g74crec/,Phishing (1),Legitimate (0)
486,lkdsw.silyaqgppf.ga:3489/2004/11/02/soften/bone-fred-control-conceal-earnest-clear-mister-sprawl-fearful.html,Phishing (1),Legitimate (0)
488,headquarterseastbourne.co.uk/mobile/fonts/woff/js,Phishing (1),Legitimate (0)
489,entretecno.cl/images/facte/5bb0dc3532d24df5806ee162d9bd2712/details.php?cmd=_account,Phishing (1),Legitimate (0)
494,krotzon.biz/pCntrlde/webscr_prim.php?sdr01=aGUtcmVubmF1QHQtb25saW5lLmRl,Phishing (1),Legitimate (0)
495,two-of-us.at/images/s2x.exe,Phishing (1),Legitimate (0)
497,www.remorquesfranc.net/1bdfc2f1fa04c4b133edab4351c0c055/Confirm.php,Phishing (1),Legitimate (0)
533,nbawallpaper.org/sess/9c83697cd2ab0c1b8de2a97817bd12c3/,Phishing (1),Legitimate (0)
537,cmdlin3.com/wp-content/llllllllll/,Phishing (1),Legitimate (0)
542,sportsillustrated.cnn.com/baseball/mlb/stats/alltime/rosters/kansas_city_athletics/1955/byPOSN_ABRV.html,Legitimate (0),Phishing (1)
560,g3i9prnb.myutilitydomain.com/scan/4c3e5d143405789eb080757b7ddf1b4f,Phishing (1),Legitimate (0)
563,geewizz.it/wp-content/upgrade/login.htm,Phishing (1),Legitimate (0)
570,www.mistercolibrirs.com.br/admin/voda.php,Phishing (1),Legitimate (0)
574,espm.co.il/wp-includes/ID3/ID011/,Phishing (1),Legitimate (0)
587,outdooralabama.com/fishing/freshwater/fish/other/minnow/shiner/coastal/,Legitimate (0),Phishing (1)
599,3designcenter.com/images/3d_gift_designs/other,Phishing (1),Legitimate (0)
614,tpreiasouthtexas.org/images/kn/yahoo.html,Phishing (1),Legitimate (0)
628,saltsabar.gr/6eaan,Phishing (1),Legitimate (0)
631,lc77.ru/modules/mod_templ/9394860880/902491205/,Phishing (1),Legitimate (0)
645,www.tibia-com-community-guilde.yoyo.pl/,Phishing (1),Legitimate (0)
654,security-anylist.com/web/adm/index.php?m=login,Phishing (1),Legitimate (0)
661,advancetechnologyconcepts.com/sdlod/hl.php,Phishing (1),Legitimate (0)
686,http://www.food-nrw.de/index.php/forum/256-aus-und-weiterbildungs-kursdatenbank-speziell-fuer-die-ernaehrungsindustrie,Phishing (1),Legitimate (0)
688,www.hwashin.net/swf/jutags/login.html?webscr=cmd_login,Phishing (1),Legitimate (0)
703,lemercamos.co/images/mnc/filesys/incoming/Surpreenda.php,Phishing (1),Legitimate (0)
707,abre.ai/cw4,Phishing (1),Legitimate (0)
709,tr069.pw/,Phishing (1),Legitimate (0)
737,mameesh.com/Godbless/wr/cd/index.php,Phishing (1),Legitimate (0)
741,perfotest.cl/wmsbd/,Phishing (1),Legitimate (0)
746,79.docs.google.com/,Phishing (1),Legitimate (0)
750,midlandhotel.com.kh/wp-pdf1/refresh_sandbox_aspxDQo9HRtBcWK1base.html,Phishing (1),Legitimate (0)
752,0515yc.com/js/,Phishing (1),Legitimate (0)
765,pastebin.com/GeNX7DYP,Phishing (1),Legitimate (0)
770,stuffatweb.com/sign_in_surveys/ii.php?email=,Phishing (1),Legitimate (0)
771,emiratesattns.com/deek/,Phishing (1),Legitimate (0)
783,30habbomoedas.rel7.com/,Phishing (1),Legitimate (0)
815,pipistrel.fr/jk/dhl%20C%20login.html,Phishing (1),Legitimate (0)
817,cbfrped.com/Gdrived/Gdrived/d76e58d1937165f201745895ea870fcb/,Phishing (1),Legitimate (0)
818,jejuep.com/jh7rrgbi,Phishing (1),Legitimate (0)
824,remax.com.freshfood.com.pk/remax/index.htm,Phishing (1),Legitimate (0)
847,vccekcnrwg.ru/message.php,Phishing (1),Legitimate (0)
850,blog.nabatakoutdoors.com/twe/go.php?santa=122611&amp;abbey=14713,Phishing (1),Legitimate (0)
855,ylos.es/hcyrw,Phishing (1),Legitimate (0)
857,s5983.chomikuj.pl/File.aspx?e=b5Xyy93_GHxrgApU8YJXJlOUXWxjXgW2w,Phishing (1),Legitimate (0)
862,tcons.com.bo/components/com_user/views/reset/d6a2fd62512a37f72a45d944d6f2a159/,Phishing (1),Legitimate (0)
882,owafills.atspace.eu/sfx/owa.html,Phishing (1),Legitimate (0)
886,www.beneventbasket.fr/licencies/photos/PromocaoPremiadaCielo.htm?=Promocao=Premiada=Cielo/,Phishing (1),Legitimate (0)
900,www.drpman.fartit.com/,Phishing (1),Legitimate (0)
903,mcomtraining.com/online.lloydsbank.co.uk/login.html/,Phishing (1),Legitimate (0)
913,yoursbanner.info/,Phishing (1),Legitimate (0)
919,tam.resgate.com.br.tc/,Phishing (1),Legitimate (0)
937,www.oldenzaal4.nl/smilies/USAA/ntasa/c1334848c1a1789f4df5c851c081bbd7/polc.html,Phishing (1),Legitimate (0)
949,www.tibia-update.za.pl/logowanie.html,Phishing (1),Legitimate (0)
966,rokus-tgy.hu/Pagamento.zip,Phishing (1),Legitimate (0)
974,freebusinesslistingsuk.co.uk/.url/,Phishing (1),Legitimate (0)
985,mygreenstone.ca/security/secure-code7/security/login.php,Phishing (1),Legitimate (0)
996,nexus.centre.free.fr/site/components/com_content/models/page.php,Phishing (1),Legitimate (0)
997,peppyinsta.com/08yhrf3,Phishing (1),Legitimate (0)
1016,image-web.com/plugins/countto/Doc/,Phishing (1),Legitimate (0)
1025,soferitta.info/stats/main,Phishing (1),Legitimate (0)
1030,amatravel.ro/system/logs/hsg.exe,Phishing (1),Legitimate (0)
1034,lacajaverde.com/wp-content/themes/update_ik/products/index.php,Phishing (1),Legitimate (0)
1035,dinogas.com.mx/inc/_notes/Made-in-China/Made-in-China/46a09dbd17b3a5955ee1b6bfdc2b8894/,Phishing (1),Legitimate (0)
1039,cielopromo.netne.net/premios/cadastro3.html,Phishing (1),Legitimate (0)
1051,oleoaqua.com/wordpress/update/1,Phishing (1),Legitimate (0)
1058,tutesis.net/SpryAssets/ing/index.html,Phishing (1),Legitimate (0)
1070,www.wavestake.com/_SYS/_ROOT/CADASTRO.ASP,Phishing (1),Legitimate (0)
1076,njyhx.com/page/,Phishing (1),Legitimate (0)
1085,bpvniaqfclohdxryzujmtekgsw.androidos-60-update.com/,Phishing (1),Legitimate (0)
1101,godgathering.com/Innovator/Archive/verification.php,Phishing (1),Legitimate (0)
1113,oiccuk.org/Billionaire/Archive/,Phishing (1),Legitimate (0)
1119,experiencefestival.com/a/College_basketball_-_Division_I_Mens_Basketball/id/1242294,Legitimate (0),Phishing (1)
1124,humantechnology.mx/demo3/wp-content/plugins/share-this/sharethis.html,Phishing (1),Legitimate (0)
1133,almazuelas.es/1/1.exe,Phishing (1),Legitimate (0)
1136,marinf.ufrj.br/mbs/images/jdownloads/screenshots/Hotmail/msn/msn/,Phishing (1),Legitimate (0)
1137,arosbyaros.dk/.redirecttttttttt,Phishing (1),Legitimate (0)
1138,dashingleather.com/g38f3fg?vuWicaHnemq=fHyKTji,Phishing (1),Legitimate (0)
1141,morganselec.com/old_aol.1.3country/?LigertID=1993745&Lis=10&Login=&us=1,Phishing (1),Legitimate (0)
1143,checkyourelectricitybill.co.za/BOA/home/login.php,Phishing (1),Legitimate (0)
1158,shortner.ga/ha/done/auth/view/share/,Phishing (1),Legitimate (0)
1193,pastehtml.com/view/bd4cx7gmk.html,Phishing (1),Legitimate (0)
1213,www.tibia.br.tc/,Phishing (1),Legitimate (0)
1221,dedivan.ru/cart.php?addproduct=270,Phishing (1),Legitimate (0)
1225,leticiaaraujo.com.br/Santander_Van_Gog_Pessoa_Fisica01/cotent/,Phishing (1),Legitimate (0)
1228,mitalex.ba/ovo/,Phishing (1),Legitimate (0)
1246,'internet.ktu.lt/lt/mokslas/zurnalai/medz/pdf/medz0-76/16\%20Pocienes\%2075-79.pdf',Legitimate (0),Phishing (1)
1255,yogaclass.biz/~jamescon/wp-includes/css/css.html,Phishing (1),Legitimate (0)
1260,abzweigentarnte.02tablet.com/ovlg19ht42.php\nnewsok.com/,Phishing (1),Legitimate (0)
1267,app.qmailer.co.uk/link/8556/3626117/179552,Phishing (1),Legitimate (0)
1293,burcuelektronik.com/file/,Phishing (1),Legitimate (0)
1302,busseng.com/picture_library/file/files/db/file.dropbox,Phishing (1),Legitimate (0)
1320,dataprim.fr/73ru9l,Phishing (1),Legitimate (0)
1327,geealife.ro/_vti_cnf/googledrive,Phishing (1),Legitimate (0)
1334,tandjsalon.com/gd5ke,Phishing (1),Legitimate (0)
1335,aciax.com.br/Data/,Phishing (1),Legitimate (0)
1339,www.puertasjoaquin.com/508mml,Phishing (1),Legitimate (0)
1344,muranowalls.com.au/index.aspx/,Phishing (1),Legitimate (0)
1352,morganselec.com/old_aol.1.3country/?Login=3D&amp;Lis=10&amp;LigertID=1993745&amp;us=1,Phishing (1),Legitimate (0)
1359,bronx-design.ru/YiT3UxD5/ibHCT7zBOhGx2p.php,Phishing (1),Legitimate (0)
1364,cn.chiculture.net/0309/policy/images/,Phishing (1),Legitimate (0)
1365,d65g.dw7g3.dn3gwe.su/config.jpg,Phishing (1),Legitimate (0)
1378,taowaisou.com/878hf33f34f,Phishing (1),Legitimate (0)
1391,save-your-family.date/users/sign_in/,Phishing (1),Legitimate (0)
1406,aelliott.netgain-clientserver.com/linken/index.html,Phishing (1),Legitimate (0)
1413,www.ignuevavida.com/power-seller/,Phishing (1),Legitimate (0)
1428,mailstar.hi2.ro/yahoo.html,Phishing (1),Legitimate (0)
1430,enelighting.com/site/site/secure.php,Phishing (1),Legitimate (0)
1454,www.dvorakgame.co.uk/cardlist.cgi?paranoia,Legitimate (0),Phishing (1)
1456,experiencefestival.com/a/Ron_Dellums_-_Son_Michael_Dellums_convicted_murderer/id/5427884,Legitimate (0),Phishing (1)
1462,smokesonstate.com/Gssss/Gssss/es/,Phishing (1),Legitimate (0)
1466,travelvoice.com/54JHbjgcDLG,Phishing (1),Legitimate (0)
1471,twardo.eu/878hf33f34f,Phishing (1),Legitimate (0)
1475,vqd.fr/bokkos/,Phishing (1),Legitimate (0)
1485,ubplcng.com/goog/micro.html,Phishing (1),Legitimate (0)
1497,dowdenphotography.com/ps/wy-template-printable-brain-cap-teaching-anatomy.htm,Phishing (1),Legitimate (0)
1498,http://akhbarelyom.com/news/ArticleSectionList/262/1/%D9%8A%D8%A7%D8%B3%D8%B1-%D8%B1%D8%B2%D9%82.html,Legitimate (0),Phishing (1)
1501,ceagostiniano.com.br/doc/wr/cd/index.php,Phishing (1),Legitimate (0)
1504,hostinabox.gr/data/ASBView/306b9ba0f2325eb3b08b4c7cf8886fdb/,Phishing (1),Legitimate (0)
1521,colleenthestylist.com/tjdaf,Phishing (1),Legitimate (0)
1527,umefnbkes.net63.net/spt/verify.htm,Phishing (1),Legitimate (0)
1532,www.btdot.com/bbs/data/boot1.gif,Phishing (1),Legitimate (0)
1538,www.google-android2017.ru/,Phishing (1),Legitimate (0)
1564,www.emailformwizard.com/form.php?id=130502,Phishing (1),Legitimate (0)
1566,svictrorymedia.ru/,Phishing (1),Legitimate (0)
1568,namesdatabase.com/schools/CA/MB/Winnipeg/College%20Jeanne-sauve,Legitimate (0),Phishing (1)
1574,novoouropremio2012.net63.net/completo/index.html,Phishing (1),Legitimate (0)
1584,phucsang.com/1id68x,Phishing (1),Legitimate (0)
1596,thegunvaultut.com/wp-includes/css/gmm/gmail.html,Phishing (1),Legitimate (0)
1614,maydayen.net/e3ib4f,Phishing (1),Legitimate (0)
1624,wywfanp.com/4vasxe0mx,Phishing (1),Legitimate (0)
1643,prom-17.ru/tmp/rus/,Phishing (1),Legitimate (0)
1660,nvidiagifts.tt.lt/,Phishing (1),Legitimate (0)
1661,pastehtml.com/view/bb0diqcv8.html,Phishing (1),Legitimate (0)
1662,www.envirosense.hu/~mmmhu/www.paypal.com/webscr-cmd-login-submit-ky4y6y8655-65498tr65tg48-fdj,Phishing (1),Legitimate (0)
1681,visitsingaporeorchardroad.com/components/com_contentbuilder/controllers/routers/formrefunds.html,Phishing (1),Legitimate (0)
1685,tierastyle.co.uk/dmp/panel/admin.php,Phishing (1),Legitimate (0)
1705,kaprodukter.se/PP/,Phishing (1),Legitimate (0)
1708,pastehtml.com/view/aywjmrynx.html,Phishing (1),Legitimate (0)
1737,adviceintl.com/newart,Phishing (1),Legitimate (0)
1743,krotzon.biz/pCntrlde/webscr_prim.php?sdr01=anVuZ2JydW5uZW5AdC1vbmxpbmUuZGU=,Phishing (1),Legitimate (0)
1748,360antivirus.net/,Phishing (1),Legitimate (0)
1755,baseballforyouths.com/cgibin/postings.cgi?action=printpost&forum=Catching+tips+%7CAMP%7C+Drills&number=7&topic=007521.ubb&ReplyNum=&TopicSubject=You+Tube+Pilla+Porno+Free+Lesvianas+,Legitimate (0),Phishing (1)
1773,learnquebec.ca/en/content/curriculum/social_sciences/sec_history/resources/cycle1/civilrights.html,Legitimate (0),Phishing (1)
1778,rafaeltongol.com/usage/index.html,Phishing (1),Legitimate (0)
1781,greetingsjamajcaff.com/69.exe?1,Phishing (1),Legitimate (0)
1794,www.tibiasupport.za.pl/,Phishing (1),Legitimate (0)
1816,pastehtml.com/view/bdx2491kh.html,Phishing (1),Legitimate (0)
1839,p-d-s.ru/products/38.exe,Phishing (1),Legitimate (0)
