Test_Index,URL,True_Label,DT_Prediction,RF_Prediction,More_Logical_Winner,XGB_Prediction
2,pastehtml.com/view/bmro08kiz.html,Phishing (1),Phishing (1),Legitimate (0),Decision Tree ✅,Legitimate (0)
29,runescape.rises.eu/m=weblogin/loginform.php?code=AAAAAAAJyUODPvuoTPxSSg&ssl=0&id=761509104543,Phishing (1),Phishing (1),Legitimate (0),Decision Tree ✅,Legitimate (0)
84,dictionary.sensagent.com/Batz-sur-Mer/fr-fr/,Legitimate (0),Phishing (1),Legitimate (0),Random Forest ✅,Legitimate (0)
126,namesdatabase.com/schools/CA/MB/Winnipeg/College%20Jeanne-sauve,Legitimate (0),Legitimate (0),Phishing (1),Decision Tree ✅,Phishing (1)
217,macamontreal.com/cjad/,Legitimate (0),Phishing (1),Legitimate (0),Random Forest ✅,Legitimate (0)
242,decompile.com/html/cpp_faq.html,Legitimate (0),Phishing (1),Legitimate (0),Random Forest ✅,Legitimate (0)
252,eastlakesupport.com/images/Out/fox/dropbox/index.php,Phishing (1),Phishing (1),Legitimate (0),Decision Tree ✅,Legitimate (0)
313,espn.go.com/blog/collegebasketballnation/tag/_/name/terrell-holloway,Legitimate (0),Phishing (1),Legitimate (0),Random Forest ✅,Legitimate (0)
320,generalcable.com/GeneralCable/en-US/Products/ElectricUtilityCables/,Legitimate (0),Legitimate (0),Phishing (1),Decision Tree ✅,Phishing (1)
339,legacy.suburbanchicagonews.com/obituaries/stng-newssun/obituary.aspx?n=joyce-bloom&pid=147105665&fhid=2369,Legitimate (0),Phishing (1),Legitimate (0),Random Forest ✅,Phishing (1)
373,article.wn.com/view/2011/05/19/3_N_Texas_road_projects_face_key_votes/,Legitimate (0),Legitimate (0),Phishing (1),Decision Tree ✅,Legitimate (0)
380,hyhpzx.cn/js?http:/,Phishing (1),Legitimate (0),Phishing (1),Random Forest ✅,Phishing (1)
398,boston.citysearch.com/profile/624923180/norwood_ma/lee_dennis_md_greater_metrowest_dermsurgeons.html,Legitimate (0),Phishing (1),Legitimate (0),Random Forest ✅,Legitimate (0)
424,texashistory.unt.edu/ark:/67531/metapth13030/,Legitimate (0),Phishing (1),Legitimate (0),Random Forest ✅,Legitimate (0)
447,bell-jeff.net/about/history.jsp,Legitimate (0),Phishing (1),Legitimate (0),Random Forest ✅,Legitimate (0)
471,bit.ly/SkAZis,Phishing (1),Phishing (1),Legitimate (0),Decision Tree ✅,Phishing (1)
603,s222.photobucket.com/albums/dd218/griggssylvain/hellbillys/?action=view&amp;current=hippiejesus.jpg,Legitimate (0),Phishing (1),Legitimate (0),Random Forest ✅,Phishing (1)
670,bit.ly/T5geSI,Phishing (1),Phishing (1),Legitimate (0),Decision Tree ✅,Phishing (1)
676,nationalcowboymuseum.org/events/pdw/OnlineCatalog/ArtistCatalog.aspx?ID=16,Legitimate (0),Phishing (1),Legitimate (0),Random Forest ✅,Legitimate (0)
705,alltradeagencies.com.au/aa/ceo/Arch/Archive/index.php,Phishing (1),Phishing (1),Legitimate (0),Decision Tree ✅,Legitimate (0)
715,paypal.com.https.myrademo.net/uk/webapps/mpp/home/,Phishing (1),Legitimate (0),Phishing (1),Random Forest ✅,Phishing (1)
808,google-endowfunds.tk/winners/2011/october/form.php,Phishing (1),Phishing (1),Legitimate (0),Decision Tree ✅,Legitimate (0)
830,darkermindz.com/modules/wellsfargoo/eeaaf765d606fade0a9c1b98a455c6ff/,Phishing (1),Phishing (1),Legitimate (0),Decision Tree ✅,Legitimate (0)
889,195.110.149.220/recordings/includes/cr/update/user/,Phishing (1),Legitimate (0),Phishing (1),Random Forest ✅,Phishing (1)
904,bit.ly/VqWyKn,Phishing (1),Phishing (1),Legitimate (0),Decision Tree ✅,Phishing (1)
